CDR3,r_i,counts
CAFRAKLNNYGYTF,17.188025069,1
CAFRTWRPQETQYF,23.24210474,1
CAFSSGRGYEQYF,38.62253617,1
CAIRDPGAEVSYTF,28.98810888,2
CAIRDSPGSYNEQFF,39.79937397,2
CAIRGTGRTEAFF,14.591574382,1
CAIRTAGREEASSYNEQFF,11.132273497,1
CAISDPGAGWAPQHF,23.58222804,1
CAISEGGGNQPQHF,26.06625343,1
CAISEPGTVLEAFF,36.63802613,1
CAISESKQFTDTQYF,32.70352714,1
CAISETSGPQATEAFF,22.1627841,1
CAISS*GCTDTGNQPQHF,22.79220311,2
CAISTGGTANTEAFF,15.27397509,1
CALRSTNTGELFF,36.88541612,1
CARLLGGLEQYF,22.66517601,1
CASARFGGELFF,31.99977818,1
CASARGGNQPQHF,17.37207109,1
CASATSGGYEQFF,37.85701764,1
CASAVGLAGDSDTQYF,21.29486349,3
CASGGQEDHGYTF,20.48935918,1
CASGLEGYGELFF,46.28935505,1
CASGLNNEQFF,40.845041,1
CASGNDRVAFF,34.85741705,1
CASGPWDSSRGYTF,18.55370875,1
CASGVGGNSNQPQHF,36.30187283,1
CASHKTGSTEAFF,22.621378,1
CASIGANTGELFF,34.82800364,1
CASIGGQGRGHTGELFF,11.48939993,1
CASILVEGA*GNQPQHF,14.27159161,1
CASIQGTATEAFF,18.99546881,1
CASISTVSPSDGYTF,34.87210778,1
CASKEGVRGNTIYF,16.330904324,1
CASKGALNTEAFF,33.12083871,1
CASKGRADGELFF,28.08328842,1
CASKVESVQYTGELFF,19.440976915,3
CASKVSGGDQETQYF,29.81273539,1
CASLASNTGELFF,29.360979,1
CASLPEGRAGANVLTF,11.179180713,1
CASLSGGQGMNTEAFF,17.69164334,1
CASMGIDGGETQYF,36.25071709,1
CASNGGHTGELFF,40.00466162,7
CASNPIGGSYNEQFF,39.88975691,1
CASQGRGLQNSPLHF,16.25154936,1
CASRAFGQTSGNTIYF,28.83964172,1
CASRAGGGYSNQPQHF,24.00555797,3
CASRAGTLNSPLHF,29.89585386,1
CASRASGITDTQYF,34.38989034,1
CASRDPGRVWFF,30.30371929,1
CASRDTGIYEQYF,41.79560262,10
CASREQGAGGLGEQFF,24.58516891,1
CASRETSTDTQYF,35.57048554,1
CASRGFDGTEAFF,40.43588668,1
CASRGIGRPQPYNEQFF,13.431852276,2
CASRGLAGVPNEQFF,26.74702998,1
CASRGQGFGYTF,40.36327557,2
CASRLADQGNEQFF,28.88705864,3
CASRLGQGYEQYF,41.88388137,1
CASRLLFSRTSYNEQFF,15.01737672,1
CASRLLGDRVGKNTEAFF,12.207546168,1
CASRLQGGSYNSPLHF,30.21663239,1
CASRLSGGAGPDTQYF,15.96387972,1
CASRPFGQGMNTGELFF,16.91264105,1
CASRPFGQGRGEKLFF,14.710036836,1
CASRPGLTQETQYF,26.11967638,1
CASRPGQPATNEKLFF,13.646427874,2
CASRPTGTASGTQYF,20.221121045,1
CASRQLGGYTF,43.72372576,1
CASRRPTGKDYGYTF,17.839117626,1
CASRRQGSGYTF,34.19198428,6
CASRSSLGGENTGELFF,30.50112107,1
CASRSWDRAGEQYF,16.93063827,1
CASRTDRPNTEAFF,28.16188326,1
CASRTGGRQPQHF,18.28617078,2
CASRTQEYSNQPQHF,31.95866934,1
CASRTQGGGYTF,42.85226312,2
CASRTQGKGYTF,27.74764624,1
CASRTQGSRAFF,16.61835489,2
CASRVGGLEQPQHF,26.43319732,1
CASRWQGNTEAFF,42.14672678,1
CASRWTTERHNEQFF,14.32754985,1
CASSAADGSPLHF,35.49574707,5
CASSADNGNTEAFF,30.70235638,1
CASSADNSYNEQFF,36.22723089,1
CASSAFPGLGMANEQFF,14.49872489,2
CASSAGDFSSYNEQFF,30.01555782,1
CASSAGGQGRSGANVLTF,15.78182316,1
CASSAGLAGEQFF,36.47363533,1
CASSAGTSGRYNNEQFF,16.03749749,1
CASSALAGDVNEQFF,31.56998226,1
CASSALFPISETQYF,37.5594694,1
CASSAPQGRGDYGYTF,21.789537075,1
CASSASRGSYEQYV,42.92731043,1
CASSATAGQALNTEAFF,14.742424675,2
CASSATASGNTIYF,27.34649682,1
CASSATGTASEGYTF,32.18458144,1
CASSATGYEQFF,44.06608391,1
CASSATQTSGSSYEQYV,21.353344924,2
CASSD*RG*NNEQFF,39.55211148,1
CASSDFSQAGDGQGGLVVPEAFF,10.706886472,1
CASSDGTRNSPLHF,30.70413212,1
CASSDPGQRRFEQYF,19.83255762,1
CASSDRDRAYNEQFF,22.64013365,1
CASSDRLNTEAFF,39.63722061,2
CASSDRYNQPQHF,36.62504668,1
CASSDVNQPQHF,39.62452502,2
CASSEAGLLNTEAFF,27.59856223,1
CASSEDRDYGYTF,37.92724541,3
CASSEDRGDTEVFF,43.58131307,1
CASSEEGVSYNEQFF,44.46498113,2
CASSEGRGSYNEQFF,43.94755927,1
CASSEGVGSSGNTIYF,36.80155394,1
CASSEQGGNEQFF,50.09415745,4
CASSERGGSSYNSPLHF,39.32965346,1
CASSESGTGELFF,50.84297062,1
CASSESRDRGGQYF,17.600527104,1
CASSETLGNIQYF,44.3583292,2
CASSEVEMGPDTQYF,38.79245086,1
CASSEVGRNTEAFF,25.31587772,2
CASSEYDRMDEQFF,36.51613811,4
CASSFAGPDEQYF,45.8775593,1
CASSFAGRQPQHF,28.68126089,4
CASSFAQGGYEQYF,47.51746982,1
CASSFEGTDTIYF,45.97446504,1
CASSFGQPSSNTGELFF,38.68544527,2
CASSFGSRALFREGAFF,20.42882165,1
CASSFGSRETQYF,25.47008865,1
CASSFGTGTLSPLHF,35.07879108,1
CASSFGVGQSYEQYF,41.09803821,1
CASSFGVSRTEAFF,20.90128639,2
CASSFIQGAAVTF,18.95241642,2
CASSFKRGASNEQFF,16.30074544,1
CASSFPGTSGIFSYNEQFF,41.81697132,1
CASSFQSAQETQYF,36.35439634,1
CASSFQYGRSGELFF,30.98822898,1
CASSFRETSYGYTF,32.28622275,1
CASSFRGANGYTF,38.12562458,2
CASSFRGVGTEAFF,38.53468065,1
CASSFSGRAKDEQFF,18.79413835,1
CASSGAALGTGNTIYF,23.18573782,2
CASSGAEAGGGEKLFF,24.03028035,1
CASSGGGGGPYGYTF,42.88416959,1
CASSGGGMYSPLHF,33.53618512,1
CASSGGRNQYEKLFF,31.33884904,1
CASSGGRNTGELFF,39.30997703,1
CASSGLAAPYEQYV,38.60492149,2
CASSGRGTDTQYF,39.91685626,1
CASSGRRGTFSYNEQFF,22.7429425,1
CASSGTALSGANVLTF,25.389494765,1
CASSGTRTGELFF,45.28305936,1
CASSGTSGNTDTQYF,40.78317325,1
CASSGYAGQSLSNQPQHF,31.18884107,1
CASSHGENTEAFF,37.83127101,1
CASSHGGAGRYSNQPQHF,15.425094989,2
CASSHPGGVENEQFF,37.82242564,1
CASSHRFEEQFF,41.62305466,4
CASSHSLRNQPQHF,20.31910181,1
CASSHSNQPQHF,31.79881315,2
CASSIAGRSYGYTF,28.71119202,1
CASSIDRGVYYGYTF,44.84088946,2
CASSIEVPVMQDTQYF,32.15360388,1
CASSILAGGTSETQYF,38.6806482,3
CASSIMNTEAFF,39.19582379,1
CASSIQNEQFF,46.84197636,2
CASSISGRTEIDKFF,22.95233084,2
CASSITSGEYNEQFF,40.84420856,1
CASSIYQGGYTF,49.39854372,3
CASSL*KVRGPGNTIYF,31.92552642,1
CASSLAAGGNTIYF,37.0956327,3
CASSLAASGGAYEQFF,22.75709865,1
CASSLAEGDHNEQFF,28.78397836,5
CASSLAENTEAFF,38.27748824,1
CASSLAFMNTEAFF,25.80737244,2
CASSLAGGAIHEQYF,25.98154478,1
CASSLAGGGYGYTF,39.47712822,7
CASSLAGGYNEQFF,43.42378638,4
CASSLAGTGFEQYF,47.3161792,1
CASSLAPMNTEAFF,27.98234123,4
CASSLAQGMNQPQHF,28.47317047,1
CASSLAWTGSGNTIYF,33.73522488,1
CASSLAYLKGTTEAFF,17.394019285,6
CASSLDGSLLGNQPQHF,25.62183215,2
CASSLDKQGKGLTGELFF,21.43966512,1
CASSLDLTPADTQYF,33.36859576,1
CASSLDREAPYEQYF,30.8541842,1
CASSLDRGEETQYF,43.16114449,1
CASSLDRGHHGTDTQYF,12.405410262,1
CASSLDRGMETQYF,39.30917744,1
CASSLDRTGLNTEAFF,28.79903826,1
CASSLDSGSGNTIYF,37.39669039,1
CASSLDVRGGAWETQYF,15.878120634,2
CASSLDYNSPLHF,40.95291502,1
CASSLEGGSVNTEAFF,39.33416513,1
CASSLEGGTAARKYF,30.15566805,2
CASSLEGQTTYEQYF,41.9628051,1
CASSLEGTAHYNSPLHF,19.853804765,17
CASSLEQNNNSPLHF,30.06386435,1
CASSLERLYNEQFF,37.27772097,1
CASSLETNTEAFF,41.52447023,2
CASSLETSWGTGELFF,29.083919655,1
CASSLGDGAKYGYTF,23.65363169,1
CASSLGGASGGSYNEQFF,35.14759385,1
CASSLGGGETQYF,45.73451357,2
CASSLGGLRGTNTEAFF,19.31321726,3
CASSLGGNTEAFF,48.31604447,1
CASSLGGQGAIEQFF,29.49801945,1
CASSLGGREAFF,27.02766651,8
CASSLGGYVGSYGYTF,36.77003056,1
CASSLGHGGYEQYF,46.28370137,1
CASSLGLLTIPGAETQYF,31.62869924,2
CASSLGPGESYEQYF,43.78167327,2
CASSLGPPYEQYF,47.92530062,1
CASSLGQGGYEQYF,47.2548631,5
CASSLGQGSTEAFF,42.06165585,5
CASSLGQGVLSYEQYF,35.93850982,1
CASSLGQPGGKGELFF,20.39313978,3
CASSLGQPGPGELFF,36.14229093,1
CASSLGQPGTGANVLTF,29.03278325,2
CASSLGRAAGVYNEQFF,21.46281976,1
CASSLGRSGTGGSEQYF,21.521329126,1
CASSLGRVISGNTIYF,28.83243953,3
CASSLGSTNTQYF,44.24665286,2
CASSLGSYGTGREQYF,25.09716292,1
CASSLGTGKYGYTF,24.01115833,11
CASSLGTSGSSYNEQFF,34.51201399,1
CASSLGVGAHNEQFF,22.71912718,2
CASSLGVSNQPQHF,34.270720680000004,9
CASSLH*GGHYNSPLHF,31.06109657,2
CASSLIETQYF,42.10918215,2
CASSLKGQDEKLFF,23.60981069,1
CASSLKVSTDTQYF,41.36063325,1
CASSLKWQRVMNTEAFF,14.978322266,1
CASSLLEGRETQYF,24.08079777,1
CASSLMGQSTDTQYF,40.84616281,1
CASSLNPGGRGLVGELFF,24.9634576,4
CASSLNPNTDTQYF,41.88102385,1
CASSLNPRLAGGSSSYNEQFF,12.710148038,1
CASSLNRGQGINEQFF,27.63727328,1
CASSLPDRHQEGQFF,17.01553714,1
CASSLPGGHYNEQFF,31.10800393,5
CASSLPGTLLFF,46.40686438,1
CASSLPPRGETQYF,20.27549006,1
CASSLPSGASTYNEQFF,22.26816439,1
CASSLQEGQTSYGYTF,33.89451479,1
CASSLQGGNYGYTF,40.8606889,1
CASSLQGMGNQPQHF,35.92952921,1
CASSLQRQGRHYGYTF,27.015411675,3
CASSLRAQGYGYTF,30.45306062,1
CASSLRDRGGEKLFF,20.08517757,1
CASSLREPYNEQFF,37.88473278,1
CASSLRGHGYTF,40.95814211,3
CASSLRGQGSGELFF,35.11839588,2
CASSLRTGFAGELFF,26.48528335,1
CASSLSAYTEAFF,38.69949038,1
CASSLSEYTEAFF,38.06465612,2
CASSLSGQGLQNIQYF,37.08678332,1
CASSLSGTMAEAFF,24.29574498,1
CASSLSRQLNTGELFF,27.19035436,1
CASSLSSGAQETQYF,27.6355765,1
CASSLSSGTRSEKLFF,20.21274748,1
CASSLSSQGRTQPQHF,14.990493096,2
CASSLSSWSYNEQFF,35.02390705,2
CASSLSTYTEAFF,42.48767322,1
CASSLTAGGADTQYF,32.67510494,1
CASSLTGGFEAFF,46.36409123,1
CASSLTGSNQPQHF,34.98639639,1
CASSLTGSQGRLFF,17.665120545,1
CASSLTGSYGYTF,39.8860928,1
CASSLTHDMNTEAFF,16.401159546,1
CASSLTPYNEQFF,46.54491591,3
CASSLTSGGPGEQFF,37.42780855,1
CASSLTYVGQFGNTIYF,37.68058282,1
CASSLVGANGELFF,38.26308304,1
CASSLVGGQAYNEQFF,25.20983553,1
CASSLVINEKLFF,30.50450936,1
CASSLVLIIGNEQYF,32.29184398,1
CASSLVLPGGTRSGELFF,32.83649254,1
CASSLVQTSSGNTIYF,33.47840026,2
CASSLVRGQPPGGGYTF,36.52311665,3
CASSLVTGDEQFF,45.47214829,1
CASSLVVAGNTGELFF,25.90199354,5
CASSLVVTSGNEQFF,35.66429946,1
CASSLYGQGDTEAFF,39.63216888,1
CASSLYRGLTGELFF,31.90188022,1
CASSMDRGTEAFF,39.018151,5
CASSMEGPGANVLTF,32.80561048,1
CASSMGQPGGTEAFF,30.95493995,5
CASSMGTTVPEQYF,38.93941527,1
CASSNPGGGGYTF,40.61089636,3
CASSNRQGSSNTIYF,34.43623194,1
CASSNRRLNTEAFF,23.50967073,4
CASSNSGSNEQFF,46.08822385,1
CASSPAAGTETNYGYTF,38.35562902,1
CASSPAANTEAFF,36.01613137,4
CASSPAGLAASSTDTQYF,13.729699988,1
CASSPAPDRREQFF,12.557814193,2
CASSPARNTEAFF,30.60149655,1
CASSPARTGAHEKLFF,16.5818649,1
CASSPDRDGEKLFF,20.31969162,1
CASSPDSSINYGYTF,41.07494383,1
CASSPEQGGNQPQHF,40.53483675,1
CASSPEQGIHEQFF,40.96512864,1
CASSPGAGPNNSPLHF,28.81371848,7
CASSPGGDWSYNEQFF,33.80004199,1
CASSPGGEDTGELFF,32.35676024,1
CASSPGGGGNTEAFF,38.24982004,1
CASSPGHKETQYF,19.81973653,1
CASSPGHQNTEAFF,33.46461492,1
CASSPGHSYEQYV,43.19773517,1
CASSPGHYNSPLHF,34.84686875,2
CASSPGQEQETQYF,33.50351003,2
CASSPGQGNSYEQYF,42.9188254,7
CASSPGQGSYNEQFF,42.47711238,1
CASSPGSHGYTF,41.16696182,1
CASSPGTGNQPQHF,36.41155051,1
CASSPHGNRNSPLHF,17.293222596,1
CASSPHRSANYGYTF,20.14992283,1
CASSPHSRETALNTEAFF,12.873534581,1
CASSPKGGDNEQFF,35.215348660000004,1
CASSPLGDYEQYV,45.43290214,1
CASSPLGQGRNEQFF,23.04965614,1
CASSPLTDTQYF,43.47942651,8
CASSPMDLYSGNTIYF,29.70197024,1
CASSPPAGSSYNEQFF,38.68181564,1
CASSPPGTQETQYF,35.73794095,1
CASSPPPSSGGGYEQYF,23.9038868,3
CASSPPREVWYTQYF,39.51855968,1
CASSPPRGAGGPTIDEQFF,16.00661988,1
CASSPPRVGNGYTF,29.14438503,19
CASSPPSGELFF,47.97469578,1
CASSPPTESYGYTF,27.74506212,1
CASSPQGRNQPQHF,24.52992067,1
CASSPQRNTEAFF,42.72392271,1
CASSPQVFQETQYF,38.10749811,1
CASSPRDRATNFMNTEAFF,12.83787263,1
CASSPRGGRSSYEQYV,19.903002766,1
CASSPRGLSGNTIYF,32.49995374,1
CASSPRGPGTEAFF,34.67291189,2
CASSPRGVGAQETQYF,24.2926648,1
CASSPRPRVGNTIYF,20.97736691,1
CASSPRRGDRGQSGELFF,12.210406164,1
CASSPRTDRIDGYTF,25.97083246,1
CASSPRVGTFTGELFF,33.30502113,1
CASSPSGSGTGSNQPQHF,24.15679002,1
CASSPSGTDYTEAFF,39.3667866,1
CASSPSRPSYNEQFF,40.94199195,1
CASSPTAILAKNIQYF,14.87530043,1
CASSPTGENEQFF,44.56675417,1
CASSPTGGADGELFF,30.32079655,1
CASSPTGRGAPLHF,14.860386306,1
CASSPTRGAYEQYF,34.09254666,1
CASSPTVGENIQYF,36.00573651,1
CASSPVFSNQPQHF,34.92048913,1
CASSPVGSGNTIYF,37.9184197,1
CASSPVRGGELFF,48.05943869,2
CASSPWPTSGRNEQFF,22.730254406,1
CASSPYAGSPLHF,41.03800807,1
CASSPYGSNEKLFF,25.29033891,1
CASSQAGGGAGYTDTQYF,24.13185366,1
CASSQAIPGIEAFF,42.13263221,1
CASSQAPGENYGYTF,40.45106374,2
CASSQDFGWNTEAFF,34.24386333,1
CASSQDGGGARNEQFF,14.68038161,2
CASSQDGTAKYGYTF,27.07418317,1
CASSQDGTGWTLSPLHF,38.58678815,1
CASSQDPGQGGKLFF,24.9700924,1
CASSQDRLTGGYTF,32.94515588,11
CASSQDRSGENTIYF,37.3732061,1
CASSQDRTGPIYF,41.64234639,1
CASSQELGVSNQPQHF,27.72646109,2
CASSQENEGFRDGYTF,25.15647236,3
CASSQENKGPYEQYF,28.29338739,1
CASSQERATGELFF,32.10785892,1
CASSQESFATNEKLFF,19.336926286,1
CASSQEVTAINQPQHF,17.98332907,1
CASSQEWETGELFF,37.97968563,1
CASSQGASNYGYTF,33.29220052,1
CASSQGASVDGYTF,32.65547837,1
CASSQGFGGGPVNTEAFF,29.65539579,1
CASSQGHTNTEAFF,36.60728008,1
CASSQGHVETQYF,37.55786588,1
CASSQGLPNF,50.30850929,2
CASSQGRPEKLFF,29.55104959,1
CASSQGRRNTEAFF,24.68712331,1
CASSQGSGTGNTEAFF,33.81285623,1
CASSQGTSSGNTIYF,37.33194845,1
CASSQGVEISGNTIYF,29.74089679,1
CASSQGVSGSSYNSPLHF,34.54337058,1
CASSQIDSYGYTF,39.52819853,1
CASSQKDPHNSYNEQFF,17.97386867,3
CASSQKSLGKAEAFF,20.65989652,2
CASSQPDRQETQYF,19.94016405,1
CASSQPPGVGQGPTEAFF,32.95779157,1
CASSQQTGSSEAFF,42.60468729,1
CASSQRRQHNAFF,13.85900997,2
CASSQSERGEAFF,17.22563084,1
CASSQTPARGGASNQPQHF,26.19463078,1
CASSQTSGGYEPGELFF,41.53613746,1
CASSQVASGPTGTGELFF,36.36248926,1
CASSQVATGGSTEAFF,31.43861526,1
CASSQVRAHNSPLHF,17.344931894,1
CASSQVTGGVSYEQYF,39.11377864,1
CASSRDAGANVLTF,18.85123978,1
CASSRDGNTEAFF,35.4914118,1
CASSREGNTGELFF,34.06855418,1
CASSREQGASTF,28.27155382,1
CASSRGYEQYV,37.59095948,1
CASSRLAGIQETQYF,30.20923454,1
CASSRMGQGVYNEQFF,32.58131658,1
CASSRNTIYF,46.13698293,3
CASSRQANEQYF,38.83769757,1
CASSRQGDTHQETQYF,22.48380291,1
CASSRQGGNEKLFF,19.26150186,5
CASSRQRRSSTDTQYF,17.042565874,1
CASSRRGLEQFF,44.02402256,1
CASSRRGRVYEQYF,28.01852268,1
CASSRRGTGGWSEGYTF,41.07021265,1
CASSRRRAYEQYF,22.71578493,4
CASSRRRENEQFF,20.75859674,3
CASSRRTPTSSGANVLTF,37.71258894,1
CASSRSRQGTPNEKLFF,17.741793884,1
CASSRTGISYEQYF,36.30541948,1
CASSRTGVSTDTQYF,36.89890687,1
CASSRTRISSYNSPLHF,33.78878227,1
CASSSDIFNYGYTF,33.76362127,24
CASSSDPYYEQYF,48.69517911,1
CASSSDTGREQYF,27.06351491,1
CASSSETGGKQPQHF,30.18890396,1
CASSSFDRGNTEAFF,30.18327145,1
CASSSGGGRDTQYF,33.00089058,1
CASSSGLARYEQYF,24.57178917,5
CASSSGLLNEQFF,47.37732411,1
CASSSGTGENYGYTF,39.26269684,2
CASSSGTSSSYEQYF,41.38780137,1
CASSSGTYTEQYF,48.25331523,1
CASSSITGGADYGYTF,38.24571148,1
CASSSLAVLGEQFF,32.4635045,1
CASSSLPGQGALSNTGELFF,33.57274079,1
CASSSLPNSPLHF,39.74953077,1
CASSSLQGPSSGYTF,40.4929684,1
CASSSMARGDEKLFF,26.55941809,2
CASSSPGLAVTDTQYF,27.79567352,1
CASSSPGTATYEQYF,30.63753288,4
CASSSPPSDTQYF,41.01060595,1
CASSSPRGEQYV,41.09662689,116
CASSSPVGTGVKDEQFF,29.85452248,1
CASSSQGAIQETQYF,38.10195028,1
CASSSQGGDSGPQHF,33.002178380000004,2
CASSSQQGGIYNSPLHF,44.83430835,1
CASSSQWRGGEKLFF,22.39793971,2
CASSSRGEGSPLHF,27.47747295,1
CASSSRQPGRVEAFF,19.21964768,2
CASSSTGVQNTEAFF,28.57991748,1
CASSSTTSGGYNEQFF,36.95412466,1
CASSSTVRGWTGELFF,22.710030844,2
CASSSWTGGTGELFF,41.1570221,1
CASSTERGVLPGELFF,24.236637986,1
CASSTGLAGAGDTQYF,17.195106176,1
CASSTGLETEAFF,36.15637178,1
CASSTGTAGNTIYF,30.78130476,1
CASSTHQGTNTEAFF,33.595044200000004,1
CASSTPTGTGEKGGNEQFF,29.98275565,1
CASSTRTGGDSPLHF,34.04183618,1
CASSTRTGQDEQYV,39.59164382,1
CASSTSGTGVPSGANVLTF,22.64747135,1
CASSTTGGLFNEQFF,37.59001924,1
CASSTTTTGGEKLFF,35.98998296,1
CASSVAGGGYEQYF,46.96203932,1
CASSVDRGPNYEQYV,43.7876945,1
CASSVEKGGPYEQYF,44.18273948,2
CASSVELAPYNEQFF,36.75687057,1
CASSVEPGGAMNTEAFF,26.37609978,1
CASSVGEREKLFF,20.33487695,1
CASSVGGRAYEQYF,31.82811908,1
CASSVGLAGGTDTQYF,29.33823888,2
CASSVGQGTYEQYF,47.60807743,1
CASSVGQRTDTQYF,35.80126379,1
CASSVGSGHSGNTIYF,21.7484179,1
CASSVGSPNEQFF,48.57433833,1
CASSVGSRDTQYF,34.00799068,1
CASSVGVSGNTEAFF,39.0410714,1
CASSVRQTTEAFF,37.47598647,1
CASSVSPKGSYGYTF,36.69396564,1
CASSVSWG*RGYEQYF,23.79476031,1
CASSVTGSTGELFF,43.97447807,1
CASSVVDQPQHF,36.7686321,1
CASSVVEGRVAEAFF,18.71174209,1
CASSWAGQGSSNYGYTF,41.67119776,58
CASSWDRANQPQHF,31.78757814,1
CASSWGSDTQYF,44.0832588,2
CASSWGTGTGYTF,41.63945836,3
CASSWSDPSDNEQFF,42.35823539,2
CASSYDIPGSGYTF,38.4170383,1
CASSYFRASGVFSYNEQFF,36.51166736,1
CASSYGAPGLMRTNTEAFF,32.37655914,1
CASSYGGGAYETQYF,38.63132053,1
CASSYGTGNTDTQYF,43.01524454,3
CASSYIGRYGYTF,31.72500103,1
CASSYRPGQGKQYV,17.469137736,1
CASSYSFRGDSPLHF,27.16379729,1
CASSYSGDRPQHF,28.92213308,2
CASSYSGGIAEAFF,37.16872646,1
CASSYSGTRGRGYTF,16.672442864,1
CASSYSIGSPHEQYF,34.58570393,1
CASSYSINVANYGYTF,33.08982278,4
CASSYSKA*QTDTQYF,32.50797276,1
CASSYSKDTQYF,42.78787662,1
CASSYSPGGQSPLHF,33.68953205,1
CASSYSRRGETQYF,20.60135458,1
CASSYSSGGPNEQFF,39.39985809,2
CASSYSVGPANTGELFF,28.15039901,1
CASSYTTGIDSPLHF,36.34163341,1
CASSYTTLRTSGSSYEQYF,13.835697135,1
CASSYVQRGQPQHF,23.78100086,1
CASSYWGQIYQPQHF,42.55526322,3
CASTGLLGASEGAGELFF,27.36005071,1
CASTGTRSGELFF,35.83935763,2
CASTI*LPAKVHDTQYF,20.73401686,1
CASTIWVGGEETGELFF,35.80245628,1
CASTKGYPNYGYTF,18.21324682,1
CASTKTGVGYTF,31.02052698,1
CASTPAQGLEAFF,25.18806581,1
CASTPFRGRGGNNSPLHF,12.15765419,1
CASTPGGVTEAFF,37.27742788,1
CASTPGQGHEKLFF,13.752456176,1
CASTQSPGGQETQYF,33.88864857,1
CASTRQGAHNSPLHF,13.27944326,1
CASTSATGGGEKLFF,30.71861272,1
CASTSGRGKDEQFF,21.03504985,2
CASTSPGGYYGYTF,30.66056092,4
CASVARGTLSNQPQHF,13.306815685,4
CASVVNYGYTF,33.98528859,1
CATGPSLGTQYF,40.96000526,8
CATGRVRYENQNTEAFF,14.219138545,1
CATMDSNIYEQYF,34.10569541,3
CATMLGEGRNTEAFF,12.067098863,1
CATPERGQEGYGYTF,20.079092726,1
CATQRWAGGVSKDNPQYF,17.67625348,1
CATREGVDTGELFF,26.79368963,1
CATRGRGSTDTQYF,28.48748117,1
CATSADWNNEQFF,37.12317437,1
CATSALTTGELFF,37.67885223,1
CATSATDSHSNQPQHF,13.77614261,3
CATSD*YSRVRE*GGPYSGANVLTF,10.32285853,1
CATSDFALTYLAGQDETF,33.85195237,1
CATSDL*QGHEQYV,30.03774495,1
CATSDLQNREAFF,19.89095688,1
CATSDPRLAGANEQFF,14.984802344,1
CATSDSTAGERTEAFF,13.209731841,4
CATSDTLGTSGIGELFF,32.30286331,1
CATSDWDYTDTQYF,43.31329314,1
CATSELAGFTDTQYF,35.49423007,1
CATSGKGGRNPWNYGYTF,17.73851542,1
CATSGPRDSPIQGYTF,36.08503488,1
CATSGTGQYNEQFF,37.06526703,1
CATSGVRGGDPRFF,26.08624222,1
CATSGYIGQGLNEQFF,21.99197653,1
CATSPQGLRADTQYF,14.91117915,1
CATSRAFRSSNQPQHF,13.436990555,2
CATSRAYESVQYV,29.28158078,1
CATSRDGIYGYTF,27.078387,1
CATSRDLSGGRRNEQFF,13.666245996,1
CATSRDRRGAIGGYTF,11.784522028,1
CATSRDRTITETQYF,25.6193549,1
CATSREGDGWEKLFF,24.85061307,1
CATSRVRYENQNTEAFF,15.82478571,1
CATSRVTGNYGYTF,22.667013835,1
CATSRWQDNQPQHF,27.41300826,2
CATTGRQGSYNEQFF,34.72058936,1
CAVKGRGGAGELFF,12.677163838,1
CAWKRGGLAGELFF,12.175875941,4
CAWNPAGGGSNQPQHF,18.69911122,1
CAWRSRGAGQGNRSPLHF,11.33066956,1
CAWSGLEAGSTDTQYF,20.78424857,1
CAWSHDMAGNTIYF,16.592982594,2
CAWSKAPSNQPQHF,20.31985452,2
CAWSPLGVETDYGYTF,28.21239044,2
CAWSPLLDTEAFF,29.7778379,1
CAWSRRGANEKLFF,14.063332026,1
CAWSTGQGGWGGYTF,22.53678436,1
CAWSVHRKEQYV,12.820080657,11
CAWSVRGQGWGTEAFF,17.244906955,2
CAWSVYRFGAFSYNEQFF,29.98000453,1
CGGSTGANPEAFF,37.22587149,2
CSAGMGELFF,39.43416179,1
CSAGRPRGTEAFF,16.79491742,1
CSAGTEGNTIYF,40.12642841,1
CSAIQGANTEAFF,18.42925688,1
CSAIRTVTALGYTF,11.500359578,1
CSAKTGIREAFF,14.430487891,2
CSALGLADTSYNEQFF,23.601187864,1
CSALRGGMASNEQFF,12.438133399,1
CSANDLGRTQETQYF,14.55576137,1
CSANLGQGYQPQHF,24.07728604,1
CSAPGGDGSYQETQYF,25.8360056,1
CSAPPGSPDNEQFF,21.85627364,2
CSAPPGTYGYTF,26.82377123,1
CSAPRGRRNEQFF,12.124539664,1
CSARADRGLQSRQPQHF,14.482202664,1
CSARAGSRGYTF,21.40625009,1
CSARALTGMLRGYTF,12.422029301,1
CSARARRDGRNEQFF,10.557816068,1
CSARDASGGLEAFF,26.77504268,1
CSARDGGGNEQFF,38.53188819,1
CSARDGHRDPGELFF,13.377635986,1
CSARDLGIYNEQFF,32.03479786,1
CSARDLLTGTAGNTIYF,22.57833201,1
CSARDRGAMNTEAFF,13.839003184,2
CSARDRIYQPQHF,22.51534903,1
CSARDRLAGLVETQYF,15.523447634,2
CSARDRQGRLGGYTF,11.743265839,1
CSARDYLAGVGEQFF,19.255761235,2
CSAREPTGGNEKLFF,17.508095796,1
CSAREQGVLNYGYTF,28.14969267,1
CSARETGGAYEQYF,22.931354,1
CSARFEGFPDTQYF,30.74010625,1
CSARGGSGGQPQHF,25.20004567,2
CSARGPSGKDTQYF,18.79869132,1
CSARLASNQPQHF,25.31290433,1
CSARQGEYEQYF,38.6071545,1
CSARSDRIQDTQYF,29.99460958,1
CSARSGGTEAFF,33.55148718,1
CSARSRQPLQNEQFF,19.47810798,1
CSARTASNSPLHF,25.75615599,2
CSARVRDISYEQYF,30.39331349,1
CSARVSRAQETQYF,21.53154825,3
CSASDRDRGTEAFF,13.101384405,2
CSASEGTRNSPLHF,13.824314619,2
CSASEQGINQPQHF,19.71593244,3
CSASNSQGVSNQPQHF,15.36502461,4
CSASPLGQGVETQYF,25.93147535,1
CSASSVDRGENEQFF,12.652166878,4
CSASTDSYGYTF,30.45583902,1
CSATIEGAGDTGELFF,16.53752091,1
CSATTRRGQPQHF,12.534190464,2
CSAWGPRGGTEAFF,16.283968431,1
CSGTGGEGGYTF,38.55990684,1
CSTGGAYNEQFF,38.84048042,1
CSVAEEGANSPLHF,22.09786703,2
CSVAGGTDTGELFF,23.9604929,1
CSVAGTVAGELFF,25.48047319,1
CSVDHRDSYNEQFF,27.76404016,1
CSVEALKQGTTYNEQFF,16.171667316,1
CSVEDGDWSSYNEQFF,25.64427248,1
CSVEDLQKGEQFF,14.58401265,1
CSVGQGAGTEAFF,36.3307286,2
CSVGQGLQNTEAFF,29.07405781,1
CSVGTEAFF,43.14785784,1
CSVILTGLGQPQHF,19.19952167,1
CSVLDGTVTDTQYF,30.37387043,1
CSVRGQGAQSPLHF,21.82536496,1
CSVRQGAYNSPLHF,29.09059647,2
CSVYGTGRIFNYGYTF,17.198487242,2
CSYQSGNYGYTF,39.41813244,1
